[
  {
    "id": "3c163aa7-5b5e-472f-8faf-3269e08b6845",
    "data": [
      {
        "text": "you are an idiot?",
        "userDefined": false
      }
    ],
    "isTemplate": false,
    "count": 0
  },
  {
    "id": "f63f11cf-54cd-4fd0-bc0b-e7d1af0e4611",
    "data": [
      {
        "text": "motherfucker?",
        "userDefined": false
      }
    ],
    "isTemplate": false,
    "count": 1
  },
  {
    "id": "be01ca7f-2b4c-4cee-9a30-a5926c70abec",
    "data": [
      {
        "text": "whore",
        "userDefined": false
      }
    ],
    "isTemplate": false,
    "count": 0
  },
  {
    "id": "ae2b8cf0-7ece-4c9f-8cc8-b23df7cbf5bb",
    "data": [
      {
        "text": "asshole",
        "userDefined": false
      }
    ],
    "isTemplate": false,
    "count": 0
  },
  {
    "id": "1e6b110c-18e4-4fcf-9efe-10cc765f1a90",
    "data": [
      {
        "text": "fuck off ?",
        "userDefined": false
      }
    ],
    "isTemplate": false,
    "count": 0
  }
]