[
  {
    "id": "5194d8ac-b8c8-4287-8fc1-871bc9ab11d1",
    "data": [
      {
        "text": "i gotta go",
        "userDefined": false
      }
    ],
    "isTemplate": false,
    "count": 0,
    "updated": 1528501347
  },
  {
    "id": "521cdf5b-042e-4335-b3a2-c0517c7913d1",
    "data": [
      {
        "text": "catch you later",
        "userDefined": false
      }
    ],
    "isTemplate": false,
    "count": 0,
    "updated": 1528501347
  },
  {
    "id": "35540901-566f-421f-a787-2fd8c4f6338b",
    "data": [
      {
        "text": "bye",
        "userDefined": false
      }
    ],
    "isTemplate": false,
    "count": 0,
    "updated": 1528501347
  }
]