[
  {
    "id": "d91d7280-7795-425b-8e77-7a370cd07fa1",
    "data": [
      {
        "text": "see you",
        "userDefined": false
      }
    ],
    "isTemplate": false,
    "count": 0,
    "updated": 1493006271
  },
  {
    "id": "5f987982-8e16-48e3-8c35-353acc28a4c9",
    "data": [
      {
        "text": "i gotta go",
        "userDefined": false
      }
    ],
    "isTemplate": false,
    "count": 0,
    "updated": 1493006271
  },
  {
    "id": "5df1ce2b-c9ab-4c71-a1f8-c45c88b7a941",
    "data": [
      {
        "text": "catch you later",
        "userDefined": false
      }
    ],
    "isTemplate": false,
    "count": 0,
    "updated": 1493006271
  },
  {
    "id": "7cee4b31-ee76-4f6a-a313-603131453850",
    "data": [
      {
        "text": "bye",
        "userDefined": false
      }
    ],
    "isTemplate": false,
    "count": 0,
    "updated": 0
  }
]