[
  {
    "id": "13490182-8578-4db5-a703-4792c6ebc16f",
    "data": [
      {
        "text": "I am ",
        "userDefined": false
      },
      {
        "text": "John",
        "alias": "given-name",
        "meta": "@sys.given-name",
        "userDefined": false
      }
    ],
    "isTemplate": false,
    "count": 0,
    "updated": 0
  },
  {
    "id": "d22944ac-c658-4bce-809a-3fe875b70d79",
    "data": [
      {
        "text": "My name ",
        "userDefined": false
      },
      {
        "text": "Ashish",
        "alias": "given-name",
        "meta": "@sys.given-name",
        "userDefined": true
      }
    ],
    "isTemplate": false,
    "count": 0,
    "updated": 0
  },
  {
    "id": "ebfe50da-99c6-4799-be8b-3c343e72b6ba",
    "data": [
      {
        "text": "My name is ",
        "userDefined": false
      },
      {
        "text": "Doria",
        "alias": "given-name",
        "meta": "@sys.given-name",
        "userDefined": true
      }
    ],
    "isTemplate": false,
    "count": 1,
    "updated": 0
  },
  {
    "id": "6269c8b9-ce20-45a4-b611-838d425aa362",
    "data": [
      {
        "text": "I am ",
        "userDefined": false
      },
      {
        "text": "Ashish",
        "alias": "given-name",
        "meta": "@sys.given-name",
        "userDefined": true
      }
    ],
    "isTemplate": false,
    "count": 0,
    "updated": 0
  },
  {
    "id": "22222662-3669-4841-82ff-71837105894d",
    "data": [
      {
        "text": "My name Rahul",
        "userDefined": false
      }
    ],
    "isTemplate": false,
    "count": 0,
    "updated": 0
  },
  {
    "id": "9c724da6-f6fe-457a-be2f-9f5dd4d84364",
    "data": [
      {
        "text": "My name is ",
        "userDefined": false
      },
      {
        "text": "leela",
        "alias": "given-name",
        "meta": "@sys.given-name",
        "userDefined": false
      }
    ],
    "isTemplate": false,
    "count": 0,
    "updated": 0
  },
  {
    "id": "247a46ad-1975-42e4-af25-a8d6f6aa54bb",
    "data": [
      {
        "text": "Hi I am Rohit",
        "userDefined": false
      }
    ],
    "isTemplate": false,
    "count": 0,
    "updated": 1528432585
  },
  {
    "id": "26aefd0f-ce6e-4213-ab7c-d81b52633f2b",
    "data": [
      {
        "text": "My name is ",
        "userDefined": false
      },
      {
        "text": "Aniket",
        "alias": "given-name",
        "meta": "@sys.given-name",
        "userDefined": true
      }
    ],
    "isTemplate": false,
    "count": 0,
    "updated": 1528432585
  }
]