[
  {
    "id": "7281d90d-694e-4a8c-bfab-e99e11ae4e82",
    "data": [
      {
        "text": "who is himanshu awasthi?",
        "userDefined": false
      }
    ],
    "isTemplate": false,
    "count": 0
  },
  {
    "id": "1284c05c-ebbd-413c-967c-e11ed61028d8",
    "data": [
      {
        "text": "do you know Himanshu",
        "userDefined": false
      }
    ],
    "isTemplate": false,
    "count": 0,
    "updated": 0
  },
  {
    "id": "751bb21c-60c3-4d28-bde3-849ef83aadc5",
    "data": [
      {
        "text": "Himanshu",
        "userDefined": false
      }
    ],
    "isTemplate": false,
    "count": 0,
    "updated": 1493006371
  },
  {
    "id": "ead136d1-811b-49c1-b86e-65b2d6aa583d",
    "data": [
      {
        "text": "who is himanshu",
        "userDefined": false
      }
    ],
    "isTemplate": false,
    "count": 0
  }
]