[
  {
    "id": "ec904b00-21a9-4f71-8288-fd0b4ad32d22",
    "data": [
      {
        "text": "describe more about himanshu awasthi?",
        "userDefined": false
      }
    ],
    "isTemplate": false,
    "count": 0,
    "updated": 1515656513
  },
  {
    "id": "321f1039-7cfb-44da-85af-d820953566b7",
    "data": [
      {
        "text": "can you tell more about himanshu?",
        "userDefined": false
      }
    ],
    "isTemplate": false,
    "count": 0,
    "updated": 1515656513
  },
  {
    "id": "093ca138-8f37-4301-850e-d650196d33d7",
    "data": [
      {
        "text": "discribe more about Himanshu?",
        "userDefined": false
      }
    ],
    "isTemplate": false,
    "count": 0,
    "updated": 1515656513
  },
  {
    "id": "0ecdcfe6-1ab7-478e-9d39-59d94250387e",
    "data": [
      {
        "text": "can you give more detail about Himanshu Awasthi?",
        "userDefined": false
      }
    ],
    "isTemplate": false,
    "count": 0,
    "updated": 1515656513
  },
  {
    "id": "587d25f4-e835-41ee-b907-19e36a6bc76d",
    "data": [
      {
        "text": "tell me more about Himanshu?",
        "userDefined": false
      }
    ],
    "isTemplate": false,
    "count": 0,
    "updated": 1515656513
  }
]