[
  {
    "id": "35d7f81e-3628-4176-9cbd-1a1406ee094f",
    "data": [
      {
        "text": "make me happy",
        "userDefined": false
      }
    ],
    "isTemplate": false,
    "count": 0,
    "updated": 1493007220
  },
  {
    "id": "8db270a0-9a93-4fb7-a97e-8da2db5c29bc",
    "data": [
      {
        "text": "i am bored",
        "userDefined": false
      }
    ],
    "isTemplate": false,
    "count": 0,
    "updated": 0
  },
  {
    "id": "383847c8-64fc-4635-ac2f-f918ca42b502",
    "data": [
      {
        "text": "tell me a joke",
        "userDefined": false
      }
    ],
    "isTemplate": false,
    "count": 0,
    "updated": 0
  }
]