[
  {
    "id": "42ecd165-6bb2-40e4-b518-d53bfc9387f1",
    "data": [
      {
        "text": "tell me a joke",
        "userDefined": false
      }
    ],
    "isTemplate": false,
    "count": 0,
    "updated": 0
  },
  {
    "id": "2b5cc617-e8ed-4598-ad70-c276412e0e1c",
    "data": [
      {
        "text": "make me happy",
        "userDefined": false
      }
    ],
    "isTemplate": false,
    "count": 0,
    "updated": 1493007220
  },
  {
    "id": "1846c220-cede-4602-a36c-9e288081b806",
    "data": [
      {
        "text": "i am bored",
        "userDefined": false
      }
    ],
    "isTemplate": false,
    "count": 0,
    "updated": 0
  }
]