[
  {
    "id": "2932a292-210c-42e9-83dd-41b1a03c6f1b",
    "data": [
      {
        "text": "tell me something about you?",
        "userDefined": false
      }
    ],
    "isTemplate": false,
    "count": 0,
    "updated": 1528432692
  },
  {
    "id": "f0ad434c-2b55-4702-8447-263f77f3481a",
    "data": [
      {
        "text": "who are you",
        "userDefined": false
      }
    ],
    "isTemplate": false,
    "count": 0,
    "updated": 1528432692
  },
  {
    "id": "47894bb6-35da-421c-8185-96b38bdd4383",
    "data": [
      {
        "text": "who are you?",
        "userDefined": false
      }
    ],
    "isTemplate": false,
    "count": 0,
    "updated": 1528432692
  },
  {
    "id": "250e65ae-3ea0-44bc-9165-9b0c2f896bd0",
    "data": [
      {
        "text": "what can you do for me",
        "userDefined": false
      }
    ],
    "isTemplate": false,
    "count": 0,
    "updated": 1528432692
  },
  {
    "id": "c4401b00-d66b-47f1-b65b-118077427268",
    "data": [
      {
        "text": "techbot ?",
        "userDefined": false
      }
    ],
    "isTemplate": false,
    "count": 0,
    "updated": 1528432692
  },
  {
    "id": "cc8841fd-9f81-465e-b19a-61747834dbfd",
    "data": [
      {
        "text": "what can you do",
        "userDefined": false
      }
    ],
    "isTemplate": false,
    "count": 0,
    "updated": 1528432692
  },
  {
    "id": "d6e0b759-c31c-4097-94d4-8286f7035d59",
    "data": [
      {
        "text": "what do you do",
        "userDefined": false
      }
    ],
    "isTemplate": false,
    "count": 0,
    "updated": 1528432692
  }
]