[
  {
    "id": "731c5e44-c0ef-49fd-9a0f-d7a37a900855",
    "data": [
      {
        "text": "do you know about jyoti?",
        "userDefined": false
      }
    ],
    "isTemplate": false,
    "count": 0,
    "updated": 1528502379
  },
  {
    "id": "50ed3a9d-daa0-4995-b4fd-5e917018514a",
    "data": [
      {
        "text": "jyoti",
        "alias": "given-name",
        "meta": "@sys.given-name",
        "userDefined": false
      }
    ],
    "isTemplate": false,
    "count": 0,
    "updated": 1528502379
  }
]