[
  {
    "id": "80bd765f-2d4e-4738-815d-7de821035197",
    "data": [
      {
        "text": "kshama",
        "userDefined": false
      }
    ],
    "isTemplate": false,
    "count": 0,
    "updated": 1515498011
  },
  {
    "id": "ca031ed9-7b2b-4c33-a059-3115dbde006a",
    "data": [
      {
        "text": "who is kshama?",
        "userDefined": false
      }
    ],
    "isTemplate": false,
    "count": 0,
    "updated": 1515498011
  },
  {
    "id": "c738c3b9-b9a8-4075-acc7-a4b7aea8c568",
    "data": [
      {
        "text": "tell me about kshama?",
        "userDefined": false
      }
    ],
    "isTemplate": false,
    "count": 0,
    "updated": 1515498011
  }
]