[
  {
    "id": "c6627294-f158-4245-876e-c9334c6c0bc4",
    "data": [
      {
        "text": "kumar varadarajulu",
        "userDefined": false
      }
    ],
    "isTemplate": false,
    "count": 0,
    "updated": 1493006482
  },
  {
    "id": "7b3ad567-8714-4e4d-a9a1-8f378e39cc7b",
    "data": [
      {
        "text": "do you know kumar",
        "userDefined": false
      }
    ],
    "isTemplate": false,
    "count": 0,
    "updated": 1493006540
  },
  {
    "id": "d8ff33cf-09c4-4c3c-beaa-d044373be9ea",
    "data": [
      {
        "text": "kumar",
        "userDefined": false
      }
    ],
    "isTemplate": false,
    "count": 0,
    "updated": 0
  }
]