[
  {
    "id": "59a2bb4c-d7e2-46f3-ac31-f2afb7f2d5d6",
    "data": [
      {
        "text": "do you know kumar",
        "userDefined": false
      }
    ],
    "isTemplate": false,
    "count": 0,
    "updated": 1493006540
  },
  {
    "id": "914c0ff5-6b45-470c-8fcf-6c22472cc3c1",
    "data": [
      {
        "text": "kumar varadarajulu",
        "userDefined": false
      }
    ],
    "isTemplate": false,
    "count": 0,
    "updated": 1493006482
  },
  {
    "id": "c45ad7ec-9363-4caa-b042-797cb6d7dc78",
    "data": [
      {
        "text": "kumar",
        "userDefined": false
      }
    ],
    "isTemplate": false,
    "count": 0,
    "updated": 0
  }
]