[
  {
    "id": "fc26dba9-9afa-4e4b-b921-fc7169deb3a6",
    "data": [
      {
        "text": "who is sumit tripathi?",
        "userDefined": false
      }
    ],
    "isTemplate": false,
    "count": 0,
    "updated": 1515493756
  },
  {
    "id": "48a811c6-a996-4981-b93c-bbcc5325052e",
    "data": [
      {
        "text": "sumit?",
        "userDefined": false
      }
    ],
    "isTemplate": false,
    "count": 0,
    "updated": 1515493756
  },
  {
    "id": "89b790c6-2c01-472e-aaad-bc736de5056f",
    "data": [
      {
        "text": "sumit tripathi",
        "userDefined": false
      }
    ],
    "isTemplate": false,
    "count": 0,
    "updated": 1515493756
  },
  {
    "id": "2d7fc294-8297-4a3a-b6c8-37f8414329be",
    "data": [
      {
        "text": "tell me about sumit",
        "userDefined": false
      }
    ],
    "isTemplate": false,
    "count": 0,
    "updated": 1515493756
  }
]