[
  {
    "id": "42671a56-2ece-40aa-b3d2-875f2d791545",
    "data": [
      {
        "text": "hey",
        "userDefined": false
      }
    ],
    "isTemplate": false,
    "count": 0,
    "updated": 1493005787
  },
  {
    "id": "ee53ad15-46f6-4ab6-b0d3-944a277d0b9f",
    "data": [
      {
        "text": "you there",
        "userDefined": false
      }
    ],
    "isTemplate": false,
    "count": 0,
    "updated": 1493005787
  },
  {
    "id": "be173d7b-300d-4239-aa1d-1f4801913db9",
    "data": [
      {
        "text": "hello",
        "userDefined": false
      }
    ],
    "isTemplate": false,
    "count": 0,
    "updated": 1493005787
  },
  {
    "id": "dde2c3a6-6851-4cfd-a5fb-0c1c9b27c9e5",
    "data": [
      {
        "text": "hi",
        "userDefined": false
      }
    ],
    "isTemplate": false,
    "count": 0,
    "updated": 1493004679
  }
]