[
  {
    "id": "32ad7cdd-a0b4-4dc4-9e8b-ece0d1f60f71",
    "data": [
      {
        "text": "you there",
        "userDefined": false
      }
    ],
    "isTemplate": false,
    "count": 0,
    "updated": 1493005787
  },
  {
    "id": "4f320452-9954-45ea-86bc-6c88222591c2",
    "data": [
      {
        "text": "hey",
        "userDefined": false
      }
    ],
    "isTemplate": false,
    "count": 0,
    "updated": 1493005787
  },
  {
    "id": "a614913d-25ee-4ba1-b023-1e77f5f07947",
    "data": [
      {
        "text": "hi",
        "userDefined": false
      }
    ],
    "isTemplate": false,
    "count": 0,
    "updated": 1493004679
  },
  {
    "id": "5cea1dfc-9fb7-48bf-9140-88945f99600a",
    "data": [
      {
        "text": "hello",
        "userDefined": false
      }
    ],
    "isTemplate": false,
    "count": 0,
    "updated": 1493005787
  }
]