[
  {
    "id": "76260479-b91d-4039-aa1c-de71ae5cc364",
    "data": [
      {
        "text": "name please?",
        "userDefined": false
      }
    ],
    "isTemplate": false,
    "count": 0
  },
  {
    "id": "2f6f238d-6b9a-4276-959e-439c246a0be3",
    "data": [
      {
        "text": "your name please?",
        "userDefined": false
      }
    ],
    "isTemplate": false,
    "count": 0
  },
  {
    "id": "cf584ebd-29b5-4203-a594-d394fcdf8fe4",
    "data": [
      {
        "text": "who are you?",
        "userDefined": false
      }
    ],
    "isTemplate": false,
    "count": 0,
    "updated": 1515392157
  },
  {
    "id": "2093d1a7-3155-4dde-9ab5-340ae2af69a3",
    "data": [
      {
        "text": "tell me your name?",
        "userDefined": false
      }
    ],
    "isTemplate": false,
    "count": 0
  },
  {
    "id": "d7152e1d-f64d-4c87-a0d7-23b4274dbf2f",
    "data": [
      {
        "text": "what is your name?",
        "userDefined": false
      }
    ],
    "isTemplate": false,
    "count": 0
  }
]